<?xml version="1.0" encoding="UTF-8"?>
<jcr:root xmlns:sling="http://sling.apache.org/jcr/sling/1.0" xmlns:jcr="http://www.jcp.org/jcr/1.0" xmlns:rep="internal"
    jcr:mixinTypes="[rep:AccessControllable,sling:Redirect]"
    jcr:primaryType="sling:OrderedFolder"
    sling:resourceType="sling:redirect"
    sling:target="/express/en_gb/site/home.html">
    <icsstudents/>
    <mydelivery2/>
    <yourtnt/>
    <fashion/>
    <wfp10years/>
    <changecontrol/>
    <corporate/>
    <systemco2/>
    <advance/>
    <rep:policy/>
    <portal/>
    <tntwarp/>
    <mydelivery/>
    <asset_share/>
    <express/>
    <asset_editor/>
    <dam/>
    <country/>
    <cq5migrationpage/>
    <alerts/>
    <campaigns/>
    <administration/>
    <dictionary/>
    <campaign/>
    <express-master/>
    <smartling/>
    <apps-i18n/>
    <aem-utlities/>
</jcr:root>
